StateAbbreviation,StateFIPS,CongressionalDistrict,Population,WMY,WMO,WFY,WFO,NWMY,NWMO,NWFY,NWFO
"AL",1,1,713410,0.17624928161926523,0.15253500791970956,0.1731276545044224,0.17062138181410408,0.10033501072314657,5.274806913275676e-2,0.10852385024039472,6.585974404620064e-2
"AL",1,2,673776,0.17214623257581155,0.14388313029849684,0.16774714445156846,0.16181490584407873,0.12081908527463134,5.0663722067868254e-2,0.11826185557217829,6.466392391536653e-2
"AL",1,3,710488,0.18841416040805756,0.14846274673182375,0.1842494173019108,0.1656354505635563,0.10221284525565527,4.894382452624112e-2,0.10171600364819673,6.0365551564558445e-2
"AL",1,4,685553,0.23228984484058854,0.18995467892343845,0.23174429985719558,0.2127027377897843,4.5309407150140105e-2,1.8073000920424825e-2,4.5431935969939594e-2,2.4494094548488592e-2
"AL",1,5,718713,0.20543944523057187,0.16868485751614343,0.19646507020187473,0.1871678959473392,8.240841615498815e-2,3.536460311696046e-2,8.088625084004325e-2,4.3583460992078896e-2
"AL",1,6,700401,0.20829781796428046,0.1678795432902009,0.21511962432949125,0.19173444926549219,7.281971327853615e-2,2.781121100626641e-2,8.07351788475459e-2,3.5602462018186724e-2
"AL",1,7,672406,9.602383084029589e-2,7.060020285363307e-2,8.682551910601631e-2,7.789341558522678e-2,0.2022498312031719,0.10776971056177369,0.211796146970729,0.14684134287915337
"AK",2,0,739795,0.2006515318432809,0.13894930352327334,0.17700038524185754,0.12527389344345394,0.13580383754959144,4.605870545218608e-2,0.12659588129143884,4.9666461654917914e-2
"AZ",4,1,765810,0.18500672490565545,0.15238505634556873,0.16755069795380056,0.1597602538488659,0.11980909102780063,4.809678640916154e-2,0.11215575664982176,5.523563285932542e-2
"AZ",4,2,720429,0.2081093348546491,0.19150256305617902,0.19627888383171693,0.22055469727065402,6.835649314505662e-2,2.6943668286534828e-2,6.135927343291289e-2,2.6895086122296578e-2
"AZ",4,3,773297,0.22927542716446592,0.11816417236844318,0.22231173792216963,0.12992420764596269,0.11421743521570625,3.787677955559119e-2,0.10361866139400515,4.4611578733656024e-2
"AZ",4,4,771214,0.2044127829629649,0.24035352055330947,0.18657726649153153,0.2546323069861284,3.949617097199999e-2,1.9413547990570712e-2,3.4593511009914236e-2,2.052089303358082e-2
"AZ",4,5,822497,0.2421905490232791,0.1692869396484121,0.23745375363071233,0.19570770470895335,5.65813613909838e-2,1.9472411449525044e-2,5.5646403573508474e-2,2.3660876574625803e-2
"AZ",4,6,783087,0.21360844963586423,0.2046426514550746,0.20814545510268975,0.22362904760262908,5.507306340163992e-2,1.6991726334366426e-2,5.725928281276538e-2,2.065032365497065e-2
"AZ",4,7,833654,0.23268766178774408,9.948131958822246e-2,0.22817979641433978,0.10338941575281832,0.12480597466095046,4.3853925009656285e-2,0.12518742787775264,4.2414478908516004e-2
"AZ",4,8,777208,0.20301901164167122,0.19360969007009707,0.2033393891982584,0.22643745303702484,5.918750192998528e-2,2.4609885641938837e-2,5.909614929336805e-2,3.0700919187656328e-2
"AZ",4,9,769074,0.23779116183878274,0.13909194693878613,0.2129587009832604,0.14465448058314284,0.10704821642650772,2.7877681471483888e-2,9.691005026824467e-2,3.366776148979162e-2
"AR",5,1,722287,0.21100199782081083,0.1734282909702099,0.1982660632130995,0.18980543745076403,7.732937184249475e-2,3.649103472719293e-2,7.45770033241634e-2,3.9100800651264665e-2
"AR",5,2,765193,0.19920725882228404,0.1478646563677399,0.19085119701826858,0.16840195872152516,9.789033616355612e-2,4.064595468071454e-2,0.10583081653909536,4.9307821686816265e-2
"AR",5,3,807421,0.24763041833194827,0.16045780330211873,0.24093378794953316,0.17989128348160377,7.075119423448238e-2,1.8062448214747943e-2,6.393938230489422e-2,1.8333682180671544e-2
"AR",5,4,709378,0.1957813746690763,0.16994042668365808,0.18522423869925483,0.18995937285903988,8.175613001812856e-2,4.1695682696672294e-2,8.24327791389076e-2,5.3209995235262444e-2
"CA",6,1,718214,0.2244651315624591,0.2045629854054641,0.20481221474379502,0.22580874224117045,5.273915573909726e-2,2.179990921925777e-2,4.404258340828778e-2,2.1769277680468494e-2
"CA",6,2,717999,0.18245150759262896,0.20449053550213858,0.17983729782353458,0.22415769381294404,7.788311682885352e-2,2.9823161313595144e-2,6.774939797966292e-2,3.3607289146642266e-2
"CA",6,3,750271,0.20752634714656437,0.13340912816835518,0.19322351523649456,0.14295501225557164,0.11010421567673548,5.219047517497011e-2,0.10735054400343343,5.3240762337875246e-2
"CA",6,4,748410,0.20811186381796073,0.21368100372790316,0.19604361245841184,0.22981788057348246,5.188198981841504e-2,2.340829224622867e-2,4.812736334362181e-2,2.8927994013976298e-2
"CA",6,5,732438,0.15099708098159845,0.1487743672501973,0.14679604280498826,0.17076121118784116,0.12889964747869445,5.7166613419838946e-2,0.12912219191248953,6.748284496435193e-2
"CA",6,6,764344,0.14271322859864144,9.175711459761574e-2,0.143625121672964,0.10632908742660373,0.1802826999361544,7.302340307505521e-2,0.1789377557748867,8.333158891807876e-2
"CA",6,7,750860,0.17218389579948326,0.1392336787150734,0.15551634126201955,0.1600751138694297,0.12407772420957303,5.312308552859388e-2,0.12920784167487948,6.658231894094771e-2
"CA",6,8,721449,0.24027200813917546,0.14174529315308498,0.2275739518663135,0.15634646385260773,8.203351865481828e-2,3.5144549372166295e-2,7.78987842522479e-2,3.898543070958585e-2
"CA",6,9,774266,0.1498774323036269,0.10909558213843822,0.1448429867771541,0.1208408996391421,0.16705111679965284,6.741869073419213e-2,0.16538631426409012,7.548697734370359e-2
"CA",6,10,758005,0.23515807943219372,0.13362444838754362,0.22263573459277974,0.14998449878298956,8.925139016233402e-2,4.152874981035745e-2,8.393480254088034e-2,4.3882296290921566e-2
"CA",6,11,764135,0.15560470335739104,0.1371249844595523,0.15230947411124998,0.15004416758818795,0.13218999260601857,6.2397351253378e-2,0.1298226098791444,8.050671674507777e-2
"CA",6,12,774736,0.15628420520022304,0.10087049007661965,0.13541257925280353,8.469852956361909e-2,0.15240933685797484,0.10154039569608228,0.15658624357200387,0.11219821978067368
"CA",6,13,766731,0.11991689393020499,8.367471773020786e-2,0.11615677467064721,9.413470956567557e-2,0.1880385689374761,9.22357384793363e-2,0.19240646328373315,0.11343613340271881
"CA",6,14,756389,0.11465000152038171,0.10021562978837609,0.10480982668970595,0.10384207068056252,0.17974349177473495,9.61449730231402e-2,0.17872153085251108,0.12187247567058748
"CA",6,15,785387,0.11278770848002323,0.10096041823967038,0.10538116877412028,0.1028817640220681,0.1921664096808325,9.306367434143932e-2,0.18962244091129596,0.10313641555055024
"CA",6,16,729788,0.19245726156089166,9.471517755841423e-2,0.18801213503099531,0.10561834395742326,0.15469972101487006,5.590801712278086e-2,0.1504245068430832,5.816483691154144e-2
"CA",6,17,771078,7.859127092200789e-2,6.519833272379708e-2,6.370561733054243e-2,6.887370668077679e-2,0.24798269435776926,0.11676769405948555,0.23103239879752763,0.1278482851280934
"CA",6,18,742728,0.16415699960146918,0.15089642507082002,0.15371306857961461,0.15728234293038637,0.13068848892192028,5.876040757854827e-2,0.11924553807046456,6.525672924677675e-2
"CA",6,19,770105,0.12532057316859388,9.120055057427234e-2,0.12007972938755104,9.167451191720609e-2,0.19155829399887028,9.271073425052428e-2,0.18308931898896905,0.10436628771401302
"CA",6,20,744295,0.1649990931015256,0.12624698540229345,0.15413780826150922,0.13334900812177966,0.15970952377753445,5.1963267252903754e-2,0.15030465070973204,5.928966337272184e-2
"CA",6,21,723549,0.2658700378274312,0.10738733658674118,0.24046332729365943,0.1026191729931214,0.1114879572772542,4.375930310179407e-2,9.105948595050231e-2,3.735337896949619e-2
"CA",6,22,760328,0.22449390263149588,0.12225776243936827,0.22371792173903893,0.14077740133205668,0.10723792889384581,3.6981408023905475e-2,0.10323439357750866,4.129928136278027e-2
"CA",6,23,745328,0.24147086920121075,0.14113517806925274,0.21863126033102204,0.15090000644011764,9.1542247171715e-2,3.749758495588519e-2,8.191829637421377e-2,3.690455745658287e-2
"CA",6,24,740039,0.238423920901466,0.16258332331133898,0.22311932208978175,0.18236741577133098,7.189891343564325e-2,2.8693082391603685e-2,6.420202178533833e-2,2.871200031349699e-2
"CA",6,25,721740,0.18915953113309503,0.13522321057444509,0.17522237925014547,0.13364923656718486,0.12281708094327597,5.640812480948818e-2,0.12403497104220357,6.348546568016183e-2
"CA",6,26,732091,0.23568381526340304,0.16286090117212204,0.22668493397678705,0.17835897449907184,6.314788735280177e-2,3.2165400202980234e-2,6.444007643858482e-2,3.665801109424921e-2
"CA",6,27,717980,9.634530209755146e-2,8.834507925011839e-2,9.07894370316722e-2,9.484943870302794e-2,0.1812459957101869,0.1223808462631271,0.17732527368450374,0.14871862725981225
"CA",6,28,719156,0.19450161022087,0.1506168341778418,0.16748660930312756,0.16934573305374634,9.9979698424264e-2,5.542469227817052e-2,9.521856175850581e-2,6.742626078347397e-2
"CA",6,29,713745,0.17958094277367967,0.10560494294180695,0.170884559611626,0.11043299777931895,0.14719822905939797,6.589748439568753e-2,0.14423498588431444,7.61658575541685e-2
"CA",6,30,771201,0.1693371766893456,0.14466915888335208,0.1592645756424071,0.1577007809896512,0.12321301450594592,5.684639931742827e-2,0.12391451774569795,6.505437622617191e-2
"CA",6,31,762208,0.18907043746588859,0.10292990889625929,0.18222978504555187,0.11982031151601663,0.14100219362693647,5.560949242201604e-2,0.1451126201771695,6.422525085016163e-2
"CA",6,32,725317,0.12524179083076778,8.35924154542083e-2,0.12647435535083282,9.819844288773047e-2,0.18583736490389718,9.66308524410706e-2,0.1709804127023081,0.11304436542918475
"CA",6,33,705588,0.18159747614755353,0.17186233325963593,0.18390193710777394,0.18449860258394418,8.395550944743958e-2,4.142927600809537e-2,9.582645963366723e-2,5.692840581189022e-2
"CA",6,34,763303,0.1318558947102265,6.2152251465014546e-2,0.1145508402298956,6.1573189152931404e-2,0.21528410080924612,0.10312287518849002,0.1896232557712992,0.12183759267289661
"CA",6,35,745237,0.1513290402918803,8.071392053803018e-2,0.13988704264549398,8.644766698379173e-2,0.20034163628483287,7.778062549229306e-2,0.183732155005723,7.976791275795485e-2
"CA",6,36,737403,0.17148424945382648,0.1805539169219545,0.17159951885197103,0.18394148111683842,8.973926062139699e-2,5.471228080167832e-2,8.365574862049653e-2,6.431354361183776e-2
"CA",6,37,713530,0.1296918139391476,6.807141956189648e-2,0.12972685100836684,7.918237495269996e-2,0.1832508794304374,0.10029991731251664,0.18860314212436757,0.12117360167056745
"CA",6,38,718428,0.11396688325065281,9.135779785865807e-2,0.11325560807763617,9.636317070047382e-2,0.18613695457304003,9.736675073911373e-2,0.18926600856314063,0.11228682623728474
"CA",6,39,736480,0.1434472083423854,0.10995817944818596,0.13720942863349989,0.11107158374972843,0.15729551379535087,9.044373234846839e-2,0.144826743428199,0.10574761025418206
"CA",6,40,738618,0.19018220514528483,7.760980642226428e-2,0.17897749580974198,8.857758679046544e-2,0.1688409976469569,6.465046884857938e-2,0.1570311040348326,7.413033530187459e-2
"CA",6,41,765770,0.13159173119866277,7.21691891821304e-2,0.12065241521605705,8.035310863575225e-2,0.22215939511863875,7.477441007090901e-2,0.21728586912519424,8.101388145265549e-2
"CA",6,42,826899,0.17469001655583088,0.11212614841715857,0.16928306842794585,0.12361969236871734,0.14907503818483273,5.940386915451585e-2,0.14864814203427504,6.315402485672374e-2
"CA",6,43,745656,0.11204630553499201,6.157933417018035e-2,0.10229381913375604,7.359023463902925e-2,0.20153261021167937,0.10553526022723615,0.20902265924233157,0.1343997768407952
"CA",6,44,717097,0.13677647514910815,7.038238899339978e-2,0.1280496222965652,7.424239677477384e-2,0.1954254445353976,8.199309159011961e-2,0.2101514857822582,0.10297909487837768
"CA",6,45,777871,0.16082743796850635,0.13747523689660626,0.16021936799289344,0.1489797151455704,0.1257753534969166,5.900464215788993e-2,0.13578343967058806,7.1934806671029e-2
"CA",6,46,734649,0.1769525310726619,8.53931605433343e-2,0.16159281507223178,9.180846907843065e-2,0.17239116911613572,7.063373121041477e-2,0.16529798584085734,7.593013806593353e-2
"CA",6,47,723526,0.15445332994253144,0.1103277560170609,0.15142510428097955,0.12029007941663465,0.1430301053452122,7.947330158142209e-2,0.15128136376578036,8.971895965037884e-2
"CA",6,48,721632,0.16862057114983814,0.16332840007095029,0.1640406744711986,0.1807597224069886,9.671688616912776e-2,6.0501751585295555e-2,9.842828477672831e-2,6.760370936987273e-2
"CA",6,49,747350,0.21847193416739144,0.16943065498093263,0.1873820833612096,0.18637318525456614,8.787582792533619e-2,3.489797283735867e-2,7.368970361945541e-2,4.1878637853749914e-2
"CA",6,50,754388,0.21565427870008536,0.16174567994188666,0.21379184186386846,0.1739993213041565,8.610820956855093e-2,3.120940417928175e-2,8.059778257342376e-2,3.689348186874659e-2
"CA",6,51,746496,0.2275069122942387,0.10216263717421124,0.21088659550754457,0.11236898791152264,0.12854322059327847,5.447182570301783e-2,9.918338477366255e-2,6.487643604252401e-2
"CA",6,52,768240,0.20234692283661357,0.132854316359471,0.18303004269499115,0.14599213787358117,0.11894069561595334,4.928017286264709e-2,0.11199755284806831,5.5558158908674375e-2
"CA",6,53,774182,0.19448398438610043,0.12009966648669176,0.18242738787520246,0.12747519317163147,0.12598071254562881,5.070125629373971e-2,0.13708146146513353,6.175033777587182e-2
"CO",8,1,826995,0.25816601067721084,0.13509029679744133,0.24056130931867786,0.14510849521460226,7.527373200563486e-2,3.297964316591999e-2,7.760022732906487e-2,3.5220285491447956e-2
"CO",8,2,799734,0.26801661552466194,0.19487729670115314,0.2452315394868794,0.20377775610390456,3.255082314869694e-2,9.27683454748704e-3,3.403631707542758e-2,1.223281741178942e-2
"CO",8,3,749478,0.24744955822585854,0.1969157200077921,0.2314117292302109,0.2093376990385308,3.816389540453489e-2,1.8376790246011222e-2,3.9255321703905915e-2,1.9089286143155637e-2
"CO",8,4,817251,0.2720082324769257,0.17903801891952412,0.2605099290181352,0.1863319836867743,4.132757255726821e-2,1.3511148961579735e-2,3.356373990365261e-2,1.3709374476140132e-2
"CO",8,5,799622,0.24875378616396246,0.16162386727728853,0.2255540743001068,0.1735745139578451,7.855586764746343e-2,2.2077931822786268e-2,6.56185047434913e-2,2.4241454087056136e-2
"CO",8,6,814636,0.22338688690408967,0.144600778752719,0.20868707005337353,0.16087062197103982,9.609567954276511e-2,3.356713918854556e-2,9.48055327778296e-2,3.7986290809637675e-2
"CO",8,7,799438,0.2754597604817384,0.15986605590427275,0.2628946835151694,0.17957490136821116,4.430487417410731e-2,1.9353595901120537e-2,3.834068433074234e-2,2.020544432463806e-2
"CT",9,1,710509,0.16937716482127602,0.1597164849424849,0.16466223510187766,0.1906942769197857,0.11091062885902923,4.47580537333095e-2,0.10555531316281708,5.432584245941994e-2
"CT",9,2,705217,0.21883193400045658,0.20554666152404152,0.20762687229604504,0.22617151883746422,5.32658741919154e-2,2.00307139504578e-2,4.624392208355726e-2,2.2282503116062148e-2
"CT",9,3,716547,0.18414563175897744,0.1699148834619362,0.18181221887747767,0.19264053858295407,9.248800148489911e-2,3.632839157794255e-2,0.1005502779301288,4.212005632568415e-2
"CT",9,4,737616,0.1949496757120236,0.16588577254289494,0.187316977939741,0.18705803561744866,8.838474219648164e-2,3.678878983102319e-2,9.262136396173619e-2,4.6994642198650786e-2
"CT",9,5,718295,0.19621464718534865,0.18866203996965036,0.1899734788631412,0.2147794429865167,7.456407186462387e-2,2.8879499370035987e-2,7.073416910879235e-2,3.619265065189094e-2
"DE",10,0,961939,0.17414929636910448,0.16075447611542937,0.1716553752368913,0.18172150209108895,0.1020231012569404,4.7001940871510564e-2,0.10342339794935022,5.927091010968471e-2
"DC",11,98,693972,0.14298415498031622,6.057160807640654e-2,0.1497221789928124,5.673283648331633e-2,0.1791095317966719,9.152962943749891e-2,0.19656844944752813,0.12278161078544955
"FL",12,1,770361,0.21334672965012508,0.17226728767422028,0.19465419459188615,0.18363987792736133,8.52042094550477e-2,3.339732930405356e-2,7.7187188863403e-2,4.0303182533902936e-2
"FL",12,2,731845,0.213218646024773,0.1948035444663829,0.19498117770839454,0.2053426613558882,7.07403890168e-2,3.2076464278638236e-2,5.7017537866624765e-2,3.1819579282498345e-2
"FL",12,3,739130,0.21119965364685508,0.1622109777711634,0.20373682572754453,0.17858022269424864,8.502563825037544e-2,3.547413851419912e-2,8.213440125553015e-2,4.1638142140083614e-2
"FL",12,4,800494,0.22065999245465925,0.18002508451031488,0.21162557120977796,0.1998166132413235,6.290990313481425e-2,2.761045054678736e-2,6.62291035285711e-2,3.112328137375171e-2
"FL",12,5,729175,0.13438612130147085,8.924880858504475e-2,0.12479171666609525,9.690403538245278e-2,0.18781225357424486,7.42181232214489e-2,0.1928041965234683,9.983474474577433e-2
"FL",12,6,764500,0.18044996729888815,0.22317462393721388,0.1711131458469588,0.25311968606932633,5.605101373446697e-2,2.8230215827338128e-2,5.688423806409418e-2,3.097710922171354e-2
"FL",12,7,772969,0.22103861862506777,0.1516671431842674,0.2177034266574727,0.17572891021502804,8.486239422279548e-2,2.9332353561397677e-2,8.267731306171398e-2,3.698984047225697e-2
"FL",12,8,756993,0.17999902244802793,0.2252596787552857,0.1731667267729028,0.2539230877960562,5.2966143676361606e-2,2.7013459833842585e-2,5.2605506259635164e-2,3.506637445788799e-2
"FL",12,9,868945,0.2064526523542917,0.14797023977351847,0.20487948028931635,0.16902450672942476,9.452727157645191e-2,4.187491728475335e-2,8.911381042528584e-2,4.6157121566957636e-2
"FL",12,10,830014,0.16304182821012658,0.10430305994838641,0.1581407060603797,0.1148811947750279,0.15555641230147926,6.691332917276094e-2,0.16218521615298057,7.497825337885868e-2
"FL",12,11,770114,0.15237354469598008,0.2657710416899316,0.15535621998820953,0.3029759230451595,3.864882342094807e-2,2.192013130523533e-2,3.743731447551921e-2,2.5517001379016614e-2
"FL",12,12,779151,0.202771991565178,0.2219903459021422,0.1989062453876078,0.25524064013265724,3.973684176751362e-2,2.0119335019784353e-2,3.723668454510101e-2,2.3997915680015813e-2
"FL",12,13,730650,0.16584000547457742,0.21292000273728873,0.16306576336139053,0.23908574556901388,6.788202285636077e-2,3.314719770067748e-2,7.782522411551358e-2,4.023403818517758e-2
"FL",12,14,776940,0.20815120858753572,0.14465338378767986,0.20274281154271886,0.15909207918243365,9.300718202177774e-2,4.4103791798594486e-2,9.929853013102685e-2,4.8951012948232814e-2
"FL",12,15,804652,0.19850941773586595,0.15570457787962996,0.2051122721375203,0.17522357491188736,0.10058509765712383,3.0200633317260132e-2,9.471050839369069e-2,3.995391796702177e-2
"FL",12,16,814209,0.19054935526382047,0.2211410092494679,0.17536160862874275,0.2543880011151928,5.150888776714578e-2,2.307761275053457e-2,5.775298479874332e-2,2.6220540426352447e-2
"FL",12,17,778091,0.17219579714969072,0.25402427222522816,0.167336468356529,0.27314928459524657,4.497931475881356e-2,2.22351884291169e-2,4.297440787774181e-2,2.3105266607633297e-2
"FL",12,18,772184,0.17427970535520032,0.2152220196222662,0.16955932782860045,0.24435108730561628,6.394201382054018e-2,3.174631953006019e-2,6.162650352765662e-2,3.927302301005978e-2
"FL",12,19,814074,0.16820952394991118,0.24738537282851436,0.16138827674142645,0.27825848755764215,5.01833985608188e-2,1.9589128261067176e-2,5.122507290492019e-2,2.3760739195699654e-2
"FL",12,20,776092,0.11580585806837333,8.32298232683754e-2,9.717662339001046e-2,8.976126541698665e-2,0.19481710931178262,9.468336228179133e-2,0.20678862815233245,0.11773733011034775
"FL",12,21,788240,0.16468841977062823,0.20111006799959402,0.1622018674515376,0.2306505632802192,8.537374403734903e-2,3.470135999188065e-2,7.729625494773165e-2,4.3977722521059574e-2
"FL",12,22,757352,0.17214452460678786,0.2098654258521797,0.17206398081737423,0.21146045696056787,7.724281443767231e-2,3.638466657511963e-2,7.723885326770115e-2,4.359927748259726e-2
"FL",12,23,753950,0.18123085085217852,0.16630545792161283,0.17947078718747927,0.19414815306054778,9.00245374361695e-2,4.0698985343855694e-2,9.648385171430467e-2,5.1637376483851714e-2
"FL",12,24,770480,0.13320267884954834,8.805160419478766e-2,0.12195644273699512,9.374415948499637e-2,0.17567749974042154,8.986216384591424e-2,0.18113124286159277,0.11637420828574395
"FL",12,25,780826,0.23795570331930546,0.20603694036827666,0.2314241585193116,0.22867962900825536,2.8473693242796732e-2,1.7568574816924643e-2,2.9813300274324883e-2,2.004800045080466e-2
"FL",12,26,797160,0.24177956746449897,0.16010211249937278,0.22698454513523006,0.18903106026393698,6.037432886747955e-2,2.9511014100055195e-2,5.653444728787194e-2,3.568292438155452e-2
"FL",12,27,755809,0.23247010818870906,0.18108807913110322,0.22316352411786575,0.22311986229325134,4.4123581486857126e-2,2.4825055007283586e-2,4.1955044197674284e-2,2.925474557725563e-2
"GA",13,1,747334,0.1877072366572376,0.12787588949519224,0.17679779054612796,0.14158328137084625,0.12301327117460198,5.230860632595332e-2,0.12561451773905644,6.509940669098421e-2
"GA",13,2,674100,0.11930574098798398,9.360480640854472e-2,0.10429758196113337,0.10614003856994511,0.18374425159471888,8.795430944963656e-2,0.19527814864263462,0.10967512238540277
"GA",13,3,738066,0.1929813864884712,0.15008007413971108,0.18633834914492742,0.16368725832107156,9.841531787130148e-2,4.765156503618918e-2,0.10153563502451,5.931041397381806e-2
"GA",13,4,765854,7.006818531991738e-2,6.133283889618648e-2,6.56900662528367e-2,6.818662564927519e-2,0.23155196682396384,0.10680495237995753,0.25087157604452026,0.14549378863334264
"GA",13,5,784370,0.10781646416869589,5.4564809974884304e-2,0.10703494524267884,5.0272192970154395e-2,0.21957622040618585,9.971187067327919e-2,0.22867524255134694,0.13234825401277459
"GA",13,6,756389,0.18156398361160725,0.15198528799334735,0.17725535405723775,0.16638528587803367,0.11328694626706629,4.06669055208365e-2,0.12322231021339548,4.5633926458475735e-2
"GA",13,7,807492,0.15881271888761747,0.10737072317744324,0.1565427273582896,0.1209126530046118,0.16394094306816662,6.238947258920212e-2,0.16091057248864385,6.912018942602527e-2
"GA",13,8,702262,0.17314620469283543,0.1341749945177156,0.16834600191951152,0.14862116987676963,0.1319635691522537,5.480433228624075e-2,0.12263656584009956,6.630716171457376e-2
"GA",13,9,755181,0.2362983178867053,0.19674885888283736,0.230489114530159,0.21433272288365307,3.9692471076470406e-2,2.0704970066778693e-2,3.768368113074879e-2,2.4049863542647393e-2
"GA",13,10,736838,0.19782095928820176,0.14238000754575633,0.1960960211064033,0.15186241751918333,9.999348567799163e-2,4.7489407440984316e-2,0.10593237590895149,5.8425325512527854e-2
"GA",13,11,768968,0.2212549807014076,0.14984238615911194,0.21025322250080627,0.1646908583972285,8.789832606818489e-2,3.227702583202422e-2,9.335629050883781e-2,4.0426909832398744e-2
"GA",13,12,722937,0.16909080597617773,0.11712915509926868,0.15925869059129633,0.1327819713197692,0.14441645675902604,6.1680340057294065e-2,0.13727060587575404,7.837197432141389e-2
"GA",13,13,752631,8.524496067794178e-2,6.808914328535498e-2,8.161104179870349e-2,7.657138757239604e-2,0.22168499570174494,9.49615415788082e-2,0.24399207579810026,0.1278448535869503
"GA",13,14,716957,0.24491984874964606,0.17139242660299014,0.24555865972436283,0.1924592409307671,4.770578988698067e-2,1.826748326608151e-2,5.631997455914371e-2,2.3376576280027952e-2
"HI",15,1,714328,6.1337368827765394e-2,3.7423984500117594e-2,4.73059994848305e-2,3.056019083670247e-2,0.23096392693552542,0.1679088597955001,0.22348556965427646,0.20101409996528205
"HI",15,2,713210,8.782125881577656e-2,8.298677808780022e-2,7.504662021003632e-2,7.795319751545828e-2,0.21679028617097348,0.1183900954837986,0.20286591606960083,0.13814584764655571
"ID",16,1,890052,0.25818716209839426,0.18900468736658083,0.24816752279642088,0.2025128868875077,4.0617851541258264e-2,1.2339728465303151e-2,3.451034321590199e-2,1.4659817628632934e-2
"ID",16,2,826891,0.2888869270556821,0.16620570304913224,0.27356930961880105,0.17455021278499827,3.6617885549606904e-2,1.326656113078991e-2,3.5580263904190515e-2,1.1323136906799083e-2
"IL",17,1,720977,0.11341970686998337,8.924556539251599e-2,0.11660843549794238,9.871882182094574e-2,0.16015906193956256,0.10135968276380522,0.17816518418756772,0.14232354152767704
"IL",17,2,702756,9.268081667036639e-2,8.536675602911964e-2,9.326281098987416e-2,9.195794842021981e-2,0.19195282573183295,9.74164574902242e-2,0.20449202852768245,0.14287035614068042
"IL",17,3,725538,0.2140701107316226,0.15853063519760507,0.20238085393184094,0.17782114789301182,9.693909898585601e-2,3.203829434157825e-2,8.093718040957193e-2,3.728267850891338e-2
"IL",17,4,700585,0.1867096783402442,9.563008057551903e-2,0.18188513884824825,9.956250847506012e-2,0.1565006387519002,6.276468950948136e-2,0.15235553144871786,6.459173405082895e-2
"IL",17,5,729300,0.2489455642396819,0.14844645550527905,0.24763746057863706,0.15467023172905525,7.06266282736871e-2,2.8816673522555875e-2,6.890305772658714e-2,3.195392842451666e-2
"IL",17,6,720542,0.21700331139614346,0.1800089377163302,0.20802118405311557,0.20032558823774324,6.530778219729037e-2,2.9239100565962843e-2,6.545073014480766e-2,3.464336568860663e-2
"IL",17,7,697263,0.12634400505978374,6.789403711368594e-2,0.12175032950264104,7.018728944458547e-2,0.1906110033086511,9.408788362497365e-2,0.2014132400543267,0.12771221189135232
"IL",17,8,713012,0.1914540007741805,0.13804816749227222,0.16122028801759297,0.16529174824547133,0.12304982244338104,4.701042899698743e-2,0.12433591580506359,4.958962822505091e-2
"IL",17,9,732614,0.19606368428667756,0.15727654672173888,0.1846606807950708,0.1814871132683787,8.685610703590158e-2,4.948990873775276e-2,9.298621101971843e-2,5.117974813476128e-2
"IL",17,10,714681,0.19112023406246983,0.1526583188863283,0.1764871320211395,0.17266024981775085,0.10853233820403789,4.536569462459475e-2,0.10429968055677988,4.887635182689899e-2
"IL",17,11,721823,0.19331470457439012,0.12987810030990976,0.1870860307859406,0.14527938289580686,0.12446403065571476,4.91076067124489e-2,0.11344332336320677,5.742682070258221e-2
"IL",17,12,695178,0.21158178193210947,0.17361596598281304,0.19755659701544065,0.1919911159444056,7.955372580835413e-2,3.235574198262891e-2,7.492038010408845e-2,3.8424691230159756e-2
"IL",17,13,698295,0.23230010239225543,0.16920499215947415,0.21656463242612364,0.19271224912107346,7.325843662062595e-2,2.1254627342312347e-2,7.284027524183904e-2,2.1864684696295978e-2
"IL",17,14,746748,0.23975558019572868,0.18697873981584148,0.24010375655508953,0.19930150465752838,4.730779325823437e-2,1.8674305120335105e-2,5.0974358150272917e-2,1.6903962246969526e-2
"IL",17,15,701482,0.2520934250629382,0.2071143664413342,0.24223857490284853,0.22419962308369995,2.9295120901177793e-2,1.1720899467128166e-2,2.569132208666794e-2,7.64666805420524e-3
"IL",17,16,690420,0.24230033892413314,0.20267373482807566,0.2345601228237884,0.22059760725355582,3.888937168679934e-2,1.1563975551113815e-2,3.829263346948234e-2,1.1122215463051475e-2
"IL",17,17,689744,0.21383005868844093,0.19030828829246793,0.2070985757034494,0.21303846064626877,6.720319422858335e-2,2.168775661694774e-2,6.095884850031316e-2,2.587481732352873e-2
"IL",17,18,701065,0.24051692781696418,0.20029954426479712,0.24155392153366664,0.22363404249249355,3.692382304065957e-2,1.2729204852617089e-2,3.259754801623244e-2,1.1744987982569377e-2
"IN",18,1,714257,0.18846577632420825,0.15829596349773262,0.177255525672132,0.17317296155305442,0.1011064644798721,4.354875065977652e-2,0.103020341417725,5.51342163954991e-2
"IN",18,2,722928,0.24322892459553372,0.1813223446871611,0.24028257309164952,0.19926880685213466,5.115585507823739e-2,1.4879766726423655e-2,5.069246176659363e-2,1.916926720226634e-2
"IN",18,3,744914,0.25593961182096187,0.17843804788203738,0.24392345962084214,0.1967891595539888,4.616371822787597e-2,1.5037977538346708e-2,4.513004185718083e-2,1.8577983498766302e-2
"IN",18,4,758815,0.2637876162173916,0.17996086002517084,0.24469073489585735,0.19899975619881,4.484096914267641e-2,1.2346882968839573e-2,4.308428273030976e-2,1.2288897820944498e-2
"IN",18,5,781441,0.23511691861573683,0.17212303935933743,0.23842235050374885,0.19129659180923447,5.7845697883781376e-2,2.3304382544555507e-2,5.653785762456794e-2,2.5353161659037598e-2
"IN",18,6,720147,0.25702807898942853,0.2027516604248855,0.24904776385932317,0.22261704901915857,2.7629081284793244e-2,7.687319394512509e-3,2.276340802641683e-2,1.0475639001481641e-2
"IN",18,7,755875,0.18827980816934017,0.1120608566231189,0.18383727468166033,0.12750256325450637,0.1331212171324624,4.764941293203241e-2,0.1438200760707789,6.372879113610054e-2
"IN",18,8,714623,0.257262920448964,0.19699058104762932,0.24552666231005718,0.2162846703786472,3.0543377417183607e-2,1.2125274445406878e-2,3.0130572343739285e-2,1.1135941608372526e-2
"IN",18,9,753818,0.2659846275891528,0.18537631099283913,0.25359038919208615,0.20795470524715515,3.506549326229939e-2,1.0047518101186228e-2,3.0979626381964876e-2,1.1001329233316265e-2
"IA",19,1,774043,0.2521281117457299,0.19828484980808558,0.24276687470851102,0.2171546025220821,3.552128240937519e-2,8.505987393465222e-3,3.613106765386419e-2,9.50722375888678e-3
"IA",19,2,780802,0.2554680956247551,0.19067061815927724,0.2402030220209477,0.20904147274212925,4.080419875973678e-2,1.0056326699982838e-2,4.205163408905203e-2,1.1704631904119097e-2
"IA",19,3,835190,0.2564733773153414,0.17498653001113518,0.25064236880230845,0.1949592308337025,5.069145942839354e-2,1.1872747518528718e-2,4.6628910786767085e-2,1.3745375303823082e-2
"IA",19,4,755676,0.2577056833881187,0.20096178785617116,0.2417742524574024,0.21899729513706934,3.381210995188414e-2,8.905933230643821e-3,2.7789687643910883e-2,1.005325033479957e-2
"KS",20,1,702327,0.2731405741200324,0.17674815292591628,0.2558480593797476,0.19145782520108154,4.431838730391968e-2,1.3002490292983183e-2,3.4092381469030805e-2,1.1392129307288485e-2
"KS",20,2,715120,0.25007271506879963,0.18253020472088602,0.23715180668978633,0.20287364358429355,4.977066785993959e-2,1.83423761047097e-2,4.184332699407092e-2,1.7415258977514263e-2
"KS",20,3,770493,0.23714686570805965,0.1570358199230882,0.23429674247527232,0.1768997252408523,7.240299392726475e-2,2.484902523449272e-2,6.833157471904353e-2,2.9037252771926546e-2
"KS",20,4,725183,0.23452149319551066,0.16605050035646174,0.2280196860654483,0.18157347869434337,7.124684390009142e-2,2.4093228881537487e-2,6.622466329188632e-2,2.8270105614720698e-2
"KY",21,1,716177,0.2487457709476847,0.19203911882118527,0.2327441400659334,0.21522333166242424,4.025820432658407e-2,1.666487474465111e-2,3.670880243291812e-2,1.7615756998619055e-2
"KY",21,2,760681,0.25349785258209423,0.18702320683703155,0.24498968687268383,0.20605220848161054,3.851417348402287e-2,1.2988361744279139e-2,4.07818783432214e-2,1.6152631655056458e-2
"KY",21,3,746559,0.19572063293055203,0.15048375279113907,0.18970905179630812,0.17430638435810164,9.743771088420339e-2,4.0049078505516644e-2,0.10146284486557659,5.083054386860248e-2
"KY",21,4,760043,0.2601313346744855,0.1911549741264639,0.25503557035588775,0.21013547917683606,3.577166028764162e-2,8.691613500815085e-3,2.83747103782286e-2,1.0704657499641468e-2
"KY",21,5,696337,0.26979465402527797,0.20861019879742138,0.2559737598318056,0.23089107716522317,1.4615049896817202e-2,5.1153392681991625e-3,9.740973120773419e-3,5.2589478944821254e-3
"KY",21,6,774392,0.24986311842064485,0.16494230312296615,0.24689950309404024,0.1893498383247761,5.4211562102914286e-2,2.0870566844698808e-2,5.027427969297203e-2,2.358882839698757e-2
"LA",22,1,808968,0.2112432135758151,0.16494719197792743,0.20870788461348286,0.1844980271160293,7.799319626981537e-2,3.140915339049258e-2,8.596878986560655e-2,3.523254319083079e-2
"LA",22,2,797298,8.460575594068968e-2,6.973553175851438e-2,8.1461385830643e-2,7.225529224957293e-2,0.21470140399198293,0.1104781399175716,0.2226908884758271,0.14407160183519838
"LA",22,3,788118,0.2033934004806387,0.14094082358225546,0.19836496565235154,0.15778601681474094,0.10224484150850507,4.0595443829477315e-2,0.10277268124823948,5.390182688379151e-2
"LA",22,4,753143,0.17504378318592884,0.1292476993080995,0.16048081174491433,0.14156275767019014,0.1276291487805105,6.115704454532539e-2,0.1300217886908595,7.485696607417183e-2
"LA",22,5,740217,0.1722049074798336,0.13232335923114438,0.15646763043810125,0.14755402807555082,0.136600483371768,5.749935491889541e-2,0.12883519292315632,6.851504356155019e-2
"LA",22,6,796589,0.20620922458130855,0.14295201163962848,0.1976527418781831,0.1607102282356397,0.10273428330042217,3.7871474499396804e-2,0.10673760245245666,4.513243341296453e-2
"ME",23,1,683279,0.2363529392824893,0.22155371378309593,0.23001585004075933,0.25390360306697557,2.034893506166588e-2,7.346925633599159e-3,2.314427927684006e-2,7.333753854574778e-3
"ME",23,2,652628,0.2325903883989041,0.23519217686032473,0.2253749456045404,0.2539072794915327,2.142568201180458e-2,5.6540632642179e-3,1.9545591056467086e-2,6.309873312208486e-3
"MD",24,1,734002,0.20998035427696382,0.19545723308655835,0.20157846981343375,0.2136560935801265,6.043035305080913e-2,2.948084610123678e-2,5.426143253015659e-2,3.5155217560715095e-2
"MD",24,2,765155,0.14186014598349353,0.11130293862027955,0.1395651861387562,0.13166482608099012,0.16229914200390771,6.06975057341323e-2,0.1715338722219681,8.107638321647248e-2
"MD",24,3,763763,0.16360965378003386,0.13011627952650234,0.1619468342928369,0.14770157758362215,0.12887374748449454,5.293003196017613e-2,0.14047027677433968,7.435159859799441e-2
"MD",24,4,761353,8.319137115109548e-2,6.619793972047132e-2,7.381989694662003e-2,7.184446636448533e-2,0.21416084260520415,0.12180158218329737,0.22010814957056712,0.14887575145825918
"MD",24,5,768507,0.13345356646068285,0.10697104906006061,0.1284841907751003,0.11432166525483828,0.16292759857750158,8.588861259559119e-2,0.159573042275477,0.1083802750007482
"MD",24,6,779616,0.17559670401838853,0.14424537208061405,0.16340993514755983,0.16289557936214752,0.12407775109797645,5.8490333702745964e-2,0.11284401551533063,5.844030907523704e-2
"MD",24,7,718158,9.547481194945959e-2,8.325187493559913e-2,9.221647604009145e-2,8.842761620701851e-2,0.184594476424408,0.11507634810167122,0.19530521138802326,0.14565318495372884
"MD",24,8,761623,0.16543224141077673,0.15073336808368445,0.1690193179565218,0.1715612579977233,0.11315703438577879,4.853319818335318e-2,0.11308744615117979,6.8476135830982e-2
"MA",25,1,736460,0.2141256823181164,0.18971023545066942,0.22185183173560002,0.22138744806235233,5.70825299405263e-2,1.8879504657415204e-2,5.42296933981479e-2,2.273307443717242e-2
"MA",25,2,744124,0.22169826534287296,0.1829332208072848,0.21478812671006445,0.2086251753739968,6.265219237653939e-2,2.097499879052416e-2,6.588014900742349e-2,2.2447871591293925e-2
"MA",25,3,769115,0.22724950104990801,0.17340969815957302,0.20984508168479357,0.1959576916325907,6.922371816958452e-2,2.993700551933066e-2,6.536213700161875e-2,2.901516678260078e-2
"MA",25,4,752077,0.2154899032944765,0.1937740417537034,0.22777720898259088,0.21711074796862556,5.1593121449000565e-2,1.960969422013969e-2,5.5258969493815126e-2,1.9386312837648273e-2
"MA",25,5,766210,0.20515263439527023,0.16006969368710927,0.2051839574007126,0.1866433484292818,8.575977865076154e-2,3.1523994727294086e-2,8.985656673757847e-2,3.581002597199201e-2
"MA",25,6,774450,0.21222028536380658,0.2023694234618116,0.20783007295500033,0.23715798308476985,5.4570340241461686e-2,1.626831945251469e-2,4.8797210923881465e-2,2.0786364516753825e-2
"MA",25,7,806820,0.17593267395453757,7.907463870503954e-2,0.17157730348776679,8.206291366103964e-2,0.16417416524131775,6.772638258843361e-2,0.17140626161969214,8.804566074217297e-2
"MA",25,8,762640,0.19618955208224065,0.16321068918493653,0.19535167313542431,0.19049617119479703,8.710925207175076e-2,3.4528742263715516e-2,8.808349942305675e-2,4.5030420644078466e-2
"MA",25,9,747923,0.21079843780710047,0.2182270099996925,0.1953824123606307,0.25837552796210306,4.1068398752277975e-2,1.8564745301321125e-2,4.018729200733231e-2,1.739617580954189e-2
"MI",26,1,698974,0.22023279835873724,0.24148966914363051,0.20594471325113667,0.25244858893177713,3.135023620334948e-2,1.3604225622126145e-2,2.289355541121701e-2,1.2036213078025793e-2
"MI",26,2,737365,0.23370108426627248,0.18063238694540695,0.23311521431041615,0.19831155533555295,5.783024689265154e-2,1.740115139720491e-2,5.874024397686356e-2,2.0268116875631473e-2
"MI",26,3,743830,0.24694755522095102,0.17086162160708765,0.2372612021564067,0.18400440960972264,6.331554252987914e-2,2.2444644609655433e-2,5.278625492384013e-2,2.237876934245728e-2
"MI",26,4,702994,0.2517261882747221,0.21571734609399226,0.24115141807753693,0.23047138382404403,2.3920545552309123e-2,9.476610042190971e-3,1.9957496081047632e-2,7.579012054156935e-3
"MI",26,5,677788,0.19753816827680631,0.17992499129521325,0.18998123306992748,0.20334529380868355,7.556197513086688e-2,3.3449987311666776e-2,7.39597042142971e-2,4.623864689253867e-2
"MI",26,6,718436,0.2333582949629473,0.1853916006436203,0.2249998608087568,0.20306332088035678,5.5804553223947576e-2,1.9932186026312713e-2,5.4585237933511124e-2,2.2864945520547412e-2
"MI",26,7,701645,0.24207825894861362,0.21205880466617735,0.22864839056787978,0.22883651989253825,3.3112186362049184e-2,1.4161007347020216e-2,2.8561452016333047e-2,1.254338019938858e-2
"MI",26,8,736333,0.2385306647943254,0.18240660136106898,0.2293948526006576,0.20118343195266272,5.364420717257002e-2,1.8770040185622536e-2,5.5870102249933114e-2,2.0200099683159656e-2
"MI",26,9,720890,0.20978373954417456,0.17913828739474816,0.1877692851891412,0.19984463649100417,7.43109212223779e-2,2.778232462650335e-2,8.151312960368433e-2,3.985767592836632e-2
"MI",26,10,717703,0.2374115755403001,0.21725281906303862,0.23497463435432206,0.23456081415292956,2.3930511646182335e-2,1.2836786247235974e-2,2.5878392594151062e-2,1.3154466401840316e-2
"MI",26,11,727901,0.20803103718774943,0.18854761842613213,0.20027998312957393,0.21350705659148703,6.664230437930432e-2,2.8108218013163877e-2,6.411586190979268e-2,3.076792036279659e-2
"MI",26,12,708060,0.2281600429342146,0.15889613874530406,0.22333982995791318,0.17642996356240997,7.712199531113183e-2,2.5859390447137247e-2,7.640171736858459e-2,3.3790921673304525e-2
"MI",26,13,674157,0.11064336645618157,8.043081952720212e-2,0.10878919895513953,8.51359549778464e-2,0.18230619870445608,0.10331569649206342,0.19729973878488247,0.1320790261022284
"MI",26,14,696235,9.349860320150524e-2,7.855393653005091e-2,8.380360079570835e-2,8.402335418357308e-2,0.20035332897656682,0.1054816261750702,0.20725186179953609,0.14703368833798933
"MN",27,1,675755,0.25184275366072023,0.1964839327862909,0.2407706935205807,0.21044165414980281,4.236446641164327e-2,8.011779417096432e-3,3.902005904506811e-2,1.1064661008797567e-2
"MN",27,2,705074,0.23803458927715387,0.17679420883481733,0.22978013655304266,0.19428740813021045,6.533498611493262e-2,1.7352788501632452e-2,6.028161583039511e-2,1.813426675781549e-2
"MN",27,3,714299,0.2037284106515619,0.1851843555709864,0.20227383770661866,0.2110194750377643,7.645117800808905e-2,2.134400300154417e-2,7.519680133949508e-2,2.480193868394048e-2
"MN",27,4,714075,0.1901985085600252,0.15235514476770648,0.1864580051115079,0.17684276861674195,0.11344886741588768,3.1307635752547004e-2,0.11854076952701047,3.084830024857333e-2
"MN",27,5,721389,0.1961188762235077,0.12830525555560177,0.18989893108988354,0.13904703287685286,0.1413758734885062,3.659883918385226e-2,0.1335853471566658,3.506984442512985e-2
"MN",27,6,716009,0.2681418808981451,0.18481331938565018,0.2514465600292734,0.1919975866225145,4.2065113706671285e-2,9.096254376690796e-3,4.3519006046013387e-2,8.920278935041319e-3
"MN",27,7,662695,0.2432748096786606,0.21317499000294254,0.22868740521657777,0.2233923599846083,3.838417371490656e-2,1.0585563494518594e-2,3.361878390511472e-2,8.881914002670912e-3
"MN",27,8,667310,0.2419685003971168,0.22662480706118596,0.22515472568970943,0.23359158412132291,3.0215342194782037e-2,9.17114984040401e-3,2.4570289670468e-2,8.703601025010865e-3
"MS",28,1,764896,0.18840731288959545,0.14546291260511232,0.18631552524787684,0.16171610258126595,0.1077754361377233,4.468450612893779e-2,0.10872197004560097,5.691623436388738e-2
"MS",28,2,701238,7.531964896368994e-2,7.38978777533448e-2,7.278128110570163e-2,8.286630216845066e-2,0.22182055165293382,0.10753980816784031,0.2325686856673483,0.13320584452069056
"MS",28,3,749247,0.16821021639058947,0.12835687029777898,0.16019283360493936,0.14600792529032483,0.1277776220658875,6.0407315611540655e-2,0.1311423335695705,7.790488316936871e-2
"MS",28,4,768719,0.1987579336532595,0.15388197767975034,0.19368976179852457,0.16771277931207632,9.411631558475854e-2,4.195941559919815e-2,9.963588775612416e-2,5.024592861630843e-2
"MO",29,1,729026,0.11901221629955584,9.176627445386036e-2,0.11664467385251007,0.10038873785022756,0.1777837827457457,8.239898165497526e-2,0.19631535775130105,0.11568997539182416
"MO",29,2,764043,0.22520722001248622,0.201729483811775,0.219841029889679,0.23639899848568732,4.2199195595012326e-2,1.7521265164395197e-2,3.695210871639423e-2,2.0150698324570736e-2
"MO",29,3,792954,0.2665829291484752,0.19542117197214467,0.2533387813164446,0.20957583920378736,2.8948715814536532e-2,8.705423013188659e-3,2.5473104366709798e-2,1.1954035164713212e-2
"MO",29,4,769533,0.26095437102762326,0.18173229738035926,0.24553592893352202,0.2036624810112107,4.366934231540428e-2,1.3383441645777374e-2,3.683402791043399e-2,1.422810977566914e-2
"MO",29,5,770628,0.19292576963204036,0.14414737071583175,0.1849556465635819,0.1597683966842627,0.10703478202193535,4.466227544288554e-2,0.11096404490882761,5.554171403063476e-2
"MO",29,6,773740,0.24901129578411352,0.18732261483185567,0.24684777832346783,0.20848476232326105,3.883604311525835e-2,1.3801793884250523e-2,4.093623180913485e-2,1.4759479928658205e-2
"MO",29,7,777380,0.2593544984434897,0.18780519179809102,0.2565862255267694,0.212547274177365,3.183771128662945e-2,1.1097532738171809e-2,3.0077954153695748e-2,1.0693611875787903e-2
"MO",29,8,736228,0.25410878151876864,0.20697664310512504,0.2374210163155979,0.224488881161814,3.099447453777906e-2,1.152088755113905e-2,2.200812791689531e-2,1.248118789288101e-2
"MT",30,0,1050493,0.24364274678650882,0.20294852036139222,0.2290686372969644,0.21016037232042478,4.003453616540044e-2,1.4431319390038772e-2,4.368615497675853e-2,1.602771270251206e-2
"NE",31,1,648060,0.2671048976946579,0.17465358145850693,0.25358145850692837,0.18901799216121964,4.881955374502361e-2,1.1778230410764435e-2,4.2772274172144555e-2,1.227201185075456e-2
"NE",31,2,668800,0.2534644138755981,0.15060705741626795,0.24448415071770335,0.16668062200956937,6.99686004784689e-2,2.1374102870813396e-2,6.899372009569378e-2,2.442733253588517e-2
"NE",31,3,603216,0.25177714118988886,0.20864168059202673,0.24224324288480412,0.2236147582292247,3.336615739635553e-2,7.499801066284714e-3,2.4805376515211797e-2,8.05184212620355e-3
"NV",32,1,720730,0.13186907718563123,0.11948579912033633,0.12235372469579454,0.10793501033674191,0.18280632136861238,7.420531960651007e-2,0.17368362632331108,8.766112136306245e-2
"NV",32,2,720704,0.22049412796376877,0.188815380516828,0.20672009590622503,0.1893495804102655,7.09986346683243e-2,2.905492407423852e-2,6.40790116330699e-2,3.0488244827279992e-2
"NV",32,3,803545,0.18369475262741974,0.15379848048335812,0.17152741912400674,0.1580907105389244,0.10468984313261859,4.7078881705442756e-2,0.11859447821839474,6.252543416983491e-2
"NV",32,4,753060,0.18442487982365283,0.13470108623482857,0.1738652962579343,0.1354181605715348,0.12913712054816348,5.5830876689772393e-2,0.12429554085995803,6.232703901415558e-2
"NH",33,1,673194,0.24501852363508886,0.2147909815001322,0.24134350573534524,0.2341954919384308,2.784041450161469e-2,8.844404436165503e-3,1.9848661752778544e-2,8.118016500444152e-3
"NH",33,2,669601,0.23397067806051663,0.22549100135752487,0.22261764842047727,0.24396468941952,2.5545063403429803e-2,1.0070176119808661e-2,2.6877200004181596e-2,1.1463543214541197e-2
"NJ",34,1,729675,0.1832733751327646,0.15252406893479975,0.17650323774283072,0.17519032445951965,0.10379415493199028,4.532702915681639e-2,0.10677356357282351,5.661424606845514e-2
"NJ",34,2,713380,0.18887549412655247,0.17642911211416076,0.18400571925201156,0.20390535198631865,8.275393198575794e-2,4.086461633351089e-2,7.800751352715243e-2,4.515826067453531e-2
"NJ",34,3,746035,0.2011835905822113,0.1905714879328718,0.1889763885072416,0.21977923287781403,6.399029536147768e-2,3.27477933340929e-2,6.32678091510452e-2,3.948340225324549e-2
"NJ",34,4,756825,0.21978132329138175,0.18342285204637795,0.21823274865391604,0.21747695966703004,5.215076140455191e-2,2.560036996663694e-2,5.2230039969609884e-2,3.110494500049549e-2
"NJ",34,5,746385,0.19959136370639818,0.18356880162382685,0.20165062266792608,0.2059433134374351,6.403129752071653e-2,3.6178379790590645e-2,6.545281590600026e-2,4.3583405347106384e-2
"NJ",34,6,742483,0.17414405447666814,0.13328520652998116,0.1665021286682658,0.14846804573303363,0.12383044460277205,5.968621503792006e-2,0.12685542968660563,6.722847526475353e-2
"NJ",34,7,754222,0.19827186160043064,0.1893712991665584,0.19268995070416933,0.2116976168820321,6.972350315954719e-2,3.419947972878012e-2,6.49172259626476e-2,3.912906279583465e-2
"NJ",34,8,777484,0.1820719140200956,9.985285870834641e-2,0.1784654089344604,0.11240745790267066,0.15645595279131147,6.038066378214857e-2,0.14438110623498362,6.59846376259833e-2
"NJ",34,9,769504,0.18036293508545764,0.12926638458019712,0.1667697633800474,0.1497185199817025,0.11990321037967314,5.9794361042957545e-2,0.12188370690730653,7.230111864265813e-2
"NJ",34,10,781893,8.170299516685788e-2,5.623787398019934e-2,7.812322146380643e-2,6.234228980180152e-2,0.22833559067545048,0.11158176374516718,0.2358161538727166,0.1458601112940006
"NJ",34,11,729569,0.20631084928224747,0.19598146302817143,0.19605959134776835,0.22002579605218972,5.811376305736675e-2,2.836743337504746e-2,6.012042726596114e-2,3.502067659124771e-2
"NJ",34,12,758189,0.16130938328042216,0.13273867070084108,0.14873204438471146,0.15016044812045545,0.1344717478095831,6.634361616958305e-2,0.12689975718455423,7.934433234984944e-2
"NM",35,1,696688,0.21433841260363318,0.16474519440553018,0.2127552074960384,0.1918520198424546,7.719811450749833e-2,3.1599510828376545e-2,7.251596123372299e-2,3.499557908274579e-2
"NM",35,2,694692,0.2556456674324737,0.1658188089109994,0.24168120548386912,0.17411889009805784,5.904919014469722e-2,2.725668353745257e-2,4.790900139918122e-2,2.8520552993268958e-2
"NM",35,3,696690,0.1720090714665059,0.14749888759706611,0.17228035424650848,0.16042572736798288,0.11471242589961102,5.595314989450114e-2,0.11392872009071467,6.319166343710976e-2
"NY",36,1,718652,0.22980385499518544,0.20642258005265413,0.20596616999604817,0.23079459877659841,4.467391727846023e-2,1.797532046108548e-2,4.255467180220747e-2,2.1808886637760698e-2
"NY",36,2,721373,0.19931713551796365,0.16109141872512556,0.20332892969379227,0.1834460119799327,8.499347771541214e-2,3.7765483321388515e-2,8.844522875128401e-2,4.161231429510115e-2
"NY",36,3,725627,0.16575458189951586,0.18767906927388314,0.16124951249057712,0.21306125598964756,8.79666826069041e-2,4.676645163424183e-2,8.032914982491005e-2,5.719329628032033e-2
"NY",36,4,728807,0.16798823282432798,0.14758502593965206,0.15513572180289156,0.16857823813437578,0.11170309835114098,5.706037400848236e-2,0.11887372102627994,7.307558791284935e-2
"NY",36,5,798555,4.546837725641941e-2,3.911940943328888e-2,4.8630338549004136e-2,4.122947073150879e-2,0.24236151548734902,0.14688280707027068,0.25106724020261595,0.1852408412695431
"NY",36,6,761797,0.10920757104582979,0.10072893434865193,0.10497678515405022,0.11855783102322534,0.16573312837934515,0.1067699137696788,0.16575413134995282,0.12827170492926593
"NY",36,7,755717,0.18072109003767284,6.571110614158475e-2,0.1646634917568349,7.1561179647937e-2,0.16418050672407794,8.202806076877985e-2,0.16485800901660277,0.10627655590650997
"NY",36,8,793532,9.023958706139135e-2,5.615652550873815e-2,9.367612144185741e-2,6.783595368554765e-2,0.20958575079517902,0.1049018817136549,0.22428963167206867,0.15331454812156284
"NY",36,9,750170,0.11718543796739406,6.293906714478052e-2,0.12326272711518722,6.856445872268953e-2,0.17356332564618687,0.10472426250049989,0.19712731780796353,0.1526334030952984
"NY",36,10,733275,0.19521598308956395,0.13550168763424364,0.20456445399065834,0.1458756946575296,0.10255224847431045,4.8328389758276226e-2,0.10831679792710784,5.964474446830998e-2
"NY",36,11,755204,0.18317037515691126,0.14776934444203155,0.18001890879815255,0.17411189559377332,0.10031064454107765,5.082335368986393e-2,0.10230613185311518,6.148934592507455e-2
"NY",36,12,714279,0.2197068652445333,0.13503826935973198,0.221774684682036,0.14967680696198543,9.237426831812219e-2,3.76743541389289e-2,0.10540979085203402,3.834496044262816e-2
"NY",36,13,802800,8.055181863477828e-2,4.8031888390632785e-2,8.309915296462382e-2,5.051444942700548e-2,0.2326457399103139,0.10782884902840059,0.24284877927254608,0.15447932237169906
"NY",36,14,691813,0.12374875869635292,9.393000709729363e-2,0.11174262409061408,0.10169077481920692,0.18586236454070681,9.736012477360212e-2,0.1744257479983753,0.11123959798384823
"NY",36,15,781143,5.5338139111532715e-2,2.548445035031998e-2,5.248462829469124e-2,3.781253880531477e-2,0.2836023621795241,0.111956453555879,0.28925049574789763,0.14407093195484053
"NY",36,16,742552,0.11201909091888514,0.10669555802152576,0.11190866094226398,0.12429163210118618,0.16148902703110354,8.699188743683944e-2,0.17550420711276787,0.12109993643542809
"NY",36,17,746412,0.19112098948034062,0.15043702405641923,0.18097377855661484,0.1721020026473315,0.10496749784301432,4.5803122136300056e-2,9.714340069559439e-2,5.745218458438503e-2
"NY",36,18,730114,0.21055615972300215,0.17406596778037403,0.19407517182248252,0.1922206669095511,8.07723177476394e-2,3.349613895912145e-2,7.644970511454376e-2,3.836387194328557e-2
"NY",36,19,700975,0.21272513285067227,0.22212917721744713,0.20462213345697064,0.23871750062413066,4.656514141017868e-2,1.9876600449374088e-2,3.65933164520846e-2,1.877099753914191e-2
"NY",36,20,732130,0.20984661194050236,0.17586221026320462,0.20399109447775668,0.20270716949175693,7.493614522011119e-2,2.6402414871675797e-2,7.720350211028096e-2,2.905085162471146e-2
"NY",36,21,705669,0.25081589243682234,0.20863606024921033,0.23334311128872035,0.22285519131490827,4.13040674877315e-2,1.2136001439768503e-2,2.3897889803859883e-2,7.011785978978813e-3
"NY",36,22,696819,0.23469509298684452,0.20935565763849723,0.22297181908070818,0.22912549743907673,3.989988791924445e-2,1.3227251266110712e-2,3.740856664356167e-2,1.3316227025956525e-2
"NY",36,23,702026,0.23872192767789227,0.2057402432388544,0.23452122855848645,0.2246626193331871,4.2173651688114114e-2,1.1622076675222855e-2,3.1174059080432918e-2,1.138419374780991e-2
"NY",36,24,707889,0.21966720771194354,0.1898348469887228,0.21620338781927675,0.21420024890908038,5.784663979804743e-2,2.0443883151172005e-2,5.967602265326909e-2,2.2127762968487997e-2
"NY",36,25,719033,0.19378526437590485,0.16839839061628603,0.1908577214119519,0.19319141124259945,8.681381800278985e-2,3.2386552494809e-2,9.219048360784554e-2,4.2376358247813384e-2
"NY",36,26,714521,0.18781533362910258,0.15736276470530608,0.1786147642966407,0.18318565864404265,9.983191536707808e-2,3.687505335742407e-2,0.10706613241598217,4.924837758442369e-2
"NY",36,27,718515,0.23676054083769998,0.2229334112718593,0.2262123964009102,0.24833162842807735,2.5959096191450422e-2,1.0607990090673125e-2,2.003159293821284e-2,9.163343841116748e-3
"NC",37,1,759049,0.1346013234982195,0.10077083297652721,0.13093621096925231,0.11851804033731683,0.1518268254091633,8.767418177219126e-2,0.16043628276962357,0.11523630226770604
"NC",37,2,835806,0.19887868715946044,0.1498661172568754,0.20131944494296522,0.16600144052567223,9.170190211604128e-2,4.404849929289811e-2,9.667793722466697e-2,5.150597148142033e-2
"NC",37,3,755647,0.22470148098252227,0.14912386339123956,0.17794816892014392,0.16465360148323224,9.561210459381166e-2,4.295391895951416e-2,9.251145045239377e-2,5.249541121714239e-2
"NC",37,4,856104,0.18739662470914747,0.11263467989870389,0.1791966863838973,0.1275837982301216,0.13835001354975562,5.06632371767916e-2,0.14182272247297056,6.235223757861194e-2
"NC",37,5,758376,0.2094251400360771,0.17797504140426385,0.20380259923837252,0.20222290789792927,6.466185638786037e-2,2.9754369864025233e-2,7.318533286918362e-2,3.897275230228805e-2
"NC",37,6,768546,0.18074780169306717,0.1660317014206046,0.1799384812359963,0.18714689816874983,9.087289505117456e-2,4.639930466100923e-2,9.540873285398661e-2,5.34541849154117e-2
"NC",37,7,800096,0.19574526056873176,0.16636128664560254,0.1941417029956405,0.19257564092308924,7.488226412830461e-2,4.579450465944087e-2,7.509223893132824e-2,5.540710114786226e-2
"NC",37,8,789484,0.1941951958494409,0.13437257753165358,0.18094730228858344,0.14879465574983153,0.11791372592731456,5.0012413171134563e-2,0.11294592417325747,6.0818205308783964e-2
"NC",37,9,788020,0.18133423009568286,0.14266642978604605,0.17751326108474405,0.15812035227532295,0.11242988756630543,5.2538006649577425e-2,0.109465495799599,6.593233674272227e-2
"NC",37,10,760410,0.20651096119198853,0.18581028655593693,0.20522744308991203,0.21374127115634986,6.1435278336686786e-2,2.6723741139648347e-2,6.523059928196631e-2,3.532041924751121e-2
"NC",37,11,759358,0.2161905188330142,0.22329652153529692,0.21274418653652163,0.25341933580735304,3.735392265571707e-2,1.47716887159943e-2,2.7109742703704972e-2,1.5114083212397841e-2
"NC",37,12,860866,0.14554994621694897,8.335559773530375e-2,0.14006477198541933,9.245457481187548e-2,0.18362555844928247,6.785841234291981e-2,0.19859652954118295,8.849460891706723e-2
"NC",37,13,781657,0.18280268711212208,0.15762796213684518,0.18438138467384033,0.1769292669291006,9.630694793240513e-2,4.183676471905196e-2,0.10419787707395956,5.5917109422675165e-2
"ND",38,0,755393,0.26727279707384105,0.17537228965584803,0.24165831560525447,0.1816246642476168,5.7141117272730885e-2,1.425086014829367e-2,4.721648201664564e-2,1.546347397976947e-2
"OH",39,1,740851,0.20161408974274178,0.1496468250700883,0.19496902886005418,0.1681161259146576,9.684538456450757e-2,3.738808478357997e-2,0.1038427430077033,4.7577718056667266e-2
"OH",39,2,728153,0.24128582866512943,0.1822529056393368,0.23482152789317629,0.20658707716647462,4.157368025675923e-2,2.2752086443371105e-2,4.041458319886068e-2,3.0312310736891834e-2
"OH",39,3,782878,0.16585470533084337,9.400059779429235e-2,0.16447645737905522,0.11160998265374682,0.16524669233264952,5.79604995925291e-2,0.17029217834707325,7.055888656981037e-2
"OH",39,4,710603,0.2440518826968082,0.1999372364034489,0.2370465646781677,0.2200426961327211,3.534603709807023e-2,1.6341051191734342e-2,3.307050490921091e-2,1.416402688983863e-2
"OH",39,5,717547,0.2533910670659901,0.1971132204580327,0.2455880938809583,0.218237969080771,3.396432568180203e-2,1.1882148486440609e-2,2.8838529044090493e-2,1.0984646301914718e-2
"OH",39,6,696153,0.24545035358606512,0.22652060682062708,0.23495266126842806,0.24367631828060785,2.2519474885549586e-2,7.834484660699588e-3,1.2675374522554668e-2,6.370725975468037e-3
"OH",39,7,725665,0.24918798619197563,0.20553974630166813,0.24166109706269423,0.22806804792845184,2.40441526048521e-2,1.0200299036056583e-2,2.7256378632013394e-2,1.4042292242288108e-2
"OH",39,8,730445,0.24335576258308292,0.187469282423728,0.243069635633073,0.20792393677826532,4.3886945629034356e-2,1.4693782557208277e-2,4.0551992278679436e-2,1.904866211692872e-2
"OH",39,9,720715,0.19618156969120942,0.16348626017219012,0.18823529411764706,0.1866396564522731,9.727562212525062e-2,3.243168242647926e-2,9.482111514260144e-2,4.092879987234899e-2
"OH",39,10,721456,0.2068885697811093,0.16589507884056687,0.20040861812778604,0.18980090261914795,7.660896853030538e-2,3.567230711228405e-2,7.998824599143953e-2,4.473730899736089e-2
"OH",39,11,675475,9.738332284688553e-2,9.339205744106e-2,9.842259150967837e-2,0.10591065546467301,0.1746726377734187,0.10096598689810873,0.1915614937636478,0.13769125430252785
"OH",39,12,780529,0.24945645837630634,0.1795679596786282,0.2385548775253706,0.19815022888323175,5.029922014428676e-2,1.7067911634289053e-2,4.859268521733337e-2,1.8310658540553908e-2
"OH",39,13,715559,0.21196295483670807,0.18480237129293323,0.20862710132917062,0.21514088984975382,6.327081344794769e-2,2.4477366646216456e-2,6.206895587924965e-2,2.9649546718020458e-2
"OH",39,14,724790,0.23100484278204722,0.21042094951641166,0.21935181224906525,0.2401564591122946,3.293367734102292e-2,1.6117772044316286e-2,3.164364850508423e-2,1.837083844975786e-2
"OH",39,15,772776,0.26451520233547626,0.1876442850192035,0.25534954501692597,0.2002417259335176,3.8858608445396854e-2,1.0802612917585433e-2,3.1927751379442426e-2,1.0660268952451939e-2
"OH",39,16,715014,0.23675340622701094,0.2158237461084678,0.2321996492376373,0.2442329800535374,2.8568671382658242e-2,9.229189917959648e-3,2.230865409628343e-2,1.0883702976445217e-2
"OK",40,1,803883,0.20162635607420482,0.14654868929931344,0.1985463058678937,0.16642595999666618,0.103454109615454,3.557358471319831e-2,0.1058698840502909,4.195511038297862e-2
"OK",40,2,744806,0.16463884555172756,0.1620851604310384,0.15720603754534737,0.17676146540172877,0.120720026422988,5.025603982782094e-2,0.11280924160116863,5.5523183218180304e-2
"OK",40,3,774066,0.2308821211627949,0.16756064728330658,0.2151573638423597,0.17907000178279373,8.178372386850734e-2,2.7190187916792626e-2,6.989843243341007e-2,2.845752171003506e-2
"OK",40,4,789947,0.22211236956403405,0.15123293081687758,0.21239019832976136,0.16849105066542439,9.312903270725757e-2,3.0172910334490793e-2,8.86211353419913e-2,3.385037224016295e-2
"OK",40,5,818162,0.2088070577709549,0.1304118255308851,0.2004126322170915,0.148178478100914,0.1100613325967229,4.150644982289571e-2,0.11167348275769347,4.894874120284247e-2
"OR",41,1,844175,0.23009684011016673,0.16628068824592057,0.2205537951254183,0.18268605443184174,7.49003464921373e-2,2.52731957236355e-2,7.251932359996446e-2,2.768975627091539e-2
"OR",41,2,821129,0.23911102883956115,0.2094506466097288,0.22499144470600843,0.22672077103597607,3.625861466346944e-2,1.610100240035366e-2,3.16016119269932e-2,1.5764879817909243e-2
"OR",41,3,842158,0.23693891170065476,0.15261625490703645,0.23078685947292552,0.164179405764714,7.446583657698437e-2,2.9608458270300824e-2,7.815873030951437e-2,3.3245542997869755e-2
"OR",41,4,803611,0.23103715603693828,0.2052908683430167,0.22267614554803256,0.2243137537938132,4.256412617547545e-2,1.4443555401805102e-2,4.469326577162334e-2,1.4981128929295392e-2
"OR",41,5,831703,0.23652674091592793,0.18631650961941942,0.2239765877963648,0.20979484263012158,5.196927268508109e-2,1.978109974353826e-2,5.354074711766099e-2,1.8094199491885926e-2
"PA",42,1,728366,0.14500676857513942,8.483509664097445e-2,0.12765834758898686,9.857956027601508e-2,0.18140605135330315,7.639428529063685e-2,0.1910248419064042,9.509504836853999e-2
"PA",42,2,726135,9.892099953865328e-2,5.9666590923175444e-2,0.11234963195549037,6.749020498943034e-2,0.19513589070902793,0.10305246269633057,0.2131201498343972,0.15026406935349487
"PA",42,3,691184,0.23312460936595755,0.21663985277436978,0.22573005162156531,0.2378990254404037,3.4439454617005025e-2,1.1072304914465612e-2,2.888232366489965e-2,1.2212377601333365e-2
"PA",42,4,729945,0.22510463117084165,0.19365842631979122,0.22073169896362055,0.21527375350197617,5.474248059785326e-2,1.890690394481776e-2,5.16806060730603e-2,1.99014994280391e-2
"PA",42,5,696063,0.25358624147526876,0.21570030298981557,0.23270882089695905,0.23147330054894458,3.359466025345407e-2,9.490520254632123e-3,1.896954729672458e-2,4.476606284201287e-3
"PA",42,6,728576,0.2204546951862263,0.19533720572733662,0.21498512166198172,0.21852627591356288,5.984825193253689e-2,1.7210284170765987e-2,5.33808415319747e-2,2.0257323875614897e-2
"PA",42,7,725762,0.22194052595754532,0.19965911690058175,0.211749857391266,0.223746903254786,5.003430876788809e-2,2.057010424905134e-2,4.945285093460391e-2,2.28463325442776e-2
"PA",42,8,713998,0.2218745710772299,0.20843055582788747,0.2117554951134317,0.23228636494780097,4.261076361558436e-2,1.970873867994028e-2,4.2002918775682845e-2,2.1330591962442472e-2
"PA",42,9,687620,0.2418981414153166,0.22079491579651553,0.23292225357028593,0.24686163869579128,1.9983421075594077e-2,9.49797853465577e-3,2.0456065850324306e-2,7.5855850615165355e-3
"PA",42,10,694398,0.23264611937246363,0.22833879129836204,0.2225294427691324,0.24325962920400115,2.943700874714501e-2,1.0339891531945656e-2,2.3542694535410528e-2,9.906422541539579e-3
"PA",42,11,701056,0.22231747535146978,0.20609765838962935,0.2148401839510681,0.23727205815227315,4.475391409530765e-2,1.5800449607449335e-2,4.298230098594121e-2,1.593595946686142e-2
"PA",42,12,689237,0.2231409515159517,0.23053173291625378,0.2113046745894373,0.25522280434741607,2.8936345553126137e-2,1.068863105143804e-2,2.8998733381986167e-2,1.1176126644390827e-2
"PA",42,13,728475,0.1682542297264834,0.13745701636981364,0.17346511548097052,0.16540993170664745,0.12187652287312536,5.0631799306770996e-2,0.11751123923264353,6.539414530354508e-2
"PA",42,14,687028,0.1898467020267005,0.1560125642623008,0.18309006328708582,0.18285863167148936,9.369050460825469e-2,3.938995208346676e-2,0.10008616824932899,5.502541381137305e-2
"PA",42,15,734824,0.22004997114955419,0.18711555420073378,0.2221321023809783,0.2101251456130992,6.223122815803512e-2,1.9931303278063865e-2,5.922778787845797e-2,1.9186907341077593e-2
"PA",42,16,731802,0.22851672993514638,0.17354421004588672,0.22728962205623926,0.1969617464833384,6.58142503026775e-2,1.999311289119188e-2,6.448602217539717e-2,2.3394306110122682e-2
"PA",42,17,697535,0.22371493903531722,0.20652440379335804,0.21120517250030466,0.23087156916857218,5.217802690904399e-2,1.805644161224885e-2,3.935286401399213e-2,1.8096582967162936e-2
"PA",42,18,713533,0.22945119566999705,0.21604747082475512,0.2230408404376532,0.25599376623085407,2.9320297729747608e-2,1.1719149639890517e-2,2.632113721439653e-2,8.106142252705902e-3
"RI",44,1,539250,0.19777839592025961,0.17188502549837736,0.2004098284654613,0.20132220676866017,8.416504404265183e-2,2.7515994436717664e-2,8.774779786740844e-2,2.9175707000463607e-2
"RI",44,2,520389,0.22920738140122102,0.19294028121270818,0.21913222608471739,0.2240016602964321,4.9438016560688254e-2,1.5805483974488315e-2,4.8325387354459834e-2,2.1149563115284913e-2
"SC",45,1,782340,0.19751770330035534,0.16186824142955747,0.1997737556561086,0.18391492190096378,8.304062172456989e-2,3.8760641153462685e-2,8.617864355650996e-2,4.894547127847228e-2
"SC",45,2,713488,0.19250919426815868,0.15263326082569012,0.18470948355123,0.17170716255914606,9.79469871952997e-2,4.295657390173346e-2,0.1008356132128361,5.670172448590586e-2
"SC",45,3,687378,0.20025953696510507,0.17649095548591895,0.1954368629778666,0.19278475598578948,7.996619036396277e-2,3.6522844781182985e-2,7.448449033864919e-2,4.4054363101524927e-2
"SC",45,4,731886,0.20449496233019895,0.15348975113610588,0.2023990074957029,0.17364043034024423,8.725675856622479e-2,3.83324725435382e-2,9.069855141374476e-2,4.968806617424025e-2
"SC",45,5,718465,0.18503197789732276,0.15289819267466057,0.180262086531703,0.16906738672029953,9.655445985538613e-2,5.005671814215028e-2,0.10303355069488424,6.30956274835935e-2
"SC",45,6,670725,0.1199880726079988,8.12389578441239e-2,0.10285139215028515,8.614558872861455e-2,0.186580193074658,9.753177531775317e-2,0.19462223713146223,0.13104178314510417
"SC",45,7,720087,0.155750624577308,0.16715619084916128,0.15454521467544893,0.18882301721875275,0.10669960713080502,5.2340897697083826e-2,0.1070940039189709,6.759044393246927e-2
"SD",46,0,869666,0.2422458737032378,0.18388553766618448,0.22695034645484588,0.19388822835433372,6.1077471121097064e-2,1.6926038272164257e-2,5.747953812153171e-2,1.7546966306605065e-2
"TN",47,1,714912,0.2383384248690748,0.2196102457365382,0.23479113513271563,0.24567079584620205,2.2811199140593527e-2,9.424936215925876e-3,2.0616523432254598e-2,8.736739626695314e-3
"TN",47,2,747673,0.24354898464970648,0.1889021002497081,0.24252179763078244,0.2154284025235631,3.829481604926218e-2,1.5484041820421495e-2,3.75351256498496e-2,1.8284731426706596e-2
"TN",47,3,733082,0.22135040827629104,0.1922022365847204,0.21647919332352997,0.21619136740501063,4.902452931595647e-2,2.327706859532767e-2,5.266668667352356e-2,2.8808509825640243e-2
"TN",47,4,782024,0.24631980604175832,0.1696776569517048,0.24195932605648932,0.18903639785991222,5.782303356418729e-2,1.8467463914150974e-2,5.536658721471464e-2,2.134972839708244e-2
"TN",47,5,774096,0.21188973977387818,0.12289819350571506,0.20719781525805586,0.13886003803145863,0.10488879932204791,4.4786434757446106e-2,0.11326889688100701,5.621008247039127e-2
"TN",47,6,772984,0.24599862351614005,0.19945820353332022,0.2427773407987746,0.22235259720770417,3.1468956666632165e-2,1.444919946596566e-2,2.9131262742825206e-2,1.4363816068637902e-2
"TN",47,7,778057,0.24473271238482527,0.1717354898162988,0.2379414361672731,0.18795538116102034,5.607301264560308e-2,2.279010406692569e-2,5.384181364604393e-2,2.493005011200979e-2
"TN",47,8,716130,0.19434460223702402,0.1682878806920531,0.1899473559269965,0.19029086897630318,7.877340706296343e-2,4.264449192185776e-2,8.608213592504155e-2,4.962925725776046e-2
"TN",47,9,697026,7.669441312088789e-2,5.27928656893717e-2,7.368448235790344e-2,6.0738049943617596e-2,0.24126503172048103,0.10285699529142385,0.24990029066347597,0.14206787121283854
"TX",48,1,717376,0.2219143099295209,0.15813464626639306,0.21800143857614418,0.17229040280132038,7.341477830314926e-2,3.5500211883308055e-2,7.69930970648586e-2,4.3751115175305555e-2
"TX",48,2,772262,0.20683265523876612,0.13632808554609704,0.18854999987051027,0.1451256179897496,0.11238802375359658,4.5421113559905836e-2,0.11381241081394657,5.1542093227428e-2
"TX",48,3,870763,0.20352495455135325,0.13665256792031816,0.1965643923777193,0.14840433045501475,0.1087000710870811,4.207689118623552e-2,0.11724659867265835,4.683019374961959e-2
"TX",48,4,747188,0.22775526373549895,0.17250678544087966,0.2190626723127245,0.19330074894136415,6.1641782255603676e-2,2.9176057431329196e-2,6.34806768845324e-2,3.307601299806742e-2
"TX",48,5,769579,0.23593159376750145,0.15233133960256193,0.2208220338652692,0.16425604129010796,8.365872769397294e-2,3.0503690979093764e-2,8.041669536200961e-2,3.2079877439483144e-2
"TX",48,6,792043,0.19453868034942548,0.12662443831963668,0.18777389611422612,0.14134586127268342,0.12097449254649054,4.486498839078181e-2,0.12891724312947656,5.496039987727939e-2
"TX",48,7,800081,0.20567167574283104,0.12275507104905628,0.19411409594778528,0.12500484325961997,0.13273531054980683,3.957099343691451e-2,0.13348023512619347,4.666777488779261e-2
"TX",48,8,863498,0.2521152336195336,0.1661949419685975,0.23854600705502502,0.1698347882681836,6.350101563639986e-2,2.640307215534952e-2,5.717558118258525e-2,2.6229360114325685e-2
"TX",48,9,789535,0.13813447155604247,5.7319814827715046e-2,0.13553547341156502,5.8013894254212925e-2,0.1934759067045793,9.423014812516228e-2,0.2041454780345393,0.11914481308618365
"TX",48,10,846261,0.2163126978556261,0.13346473487493812,0.2075588973141856,0.14806661301891497,0.11284816386433973,3.3984787199221045e-2,0.10786152262718003,3.9902583245594446e-2
"TX",48,11,759467,0.25182660997778705,0.16436527196046702,0.24599752194631236,0.1806121924981599,6.112181306100199e-2,2.1208294764617816e-2,5.335189020721111e-2,2.1516405584442774e-2
"TX",48,12,806551,0.23407075312038544,0.14606267923541102,0.2353639137512693,0.1667879650511871,8.388806163528406e-2,2.728035796868394e-2,7.809177596952951e-2,2.845449326824962e-2
"TX",48,13,713480,0.2588299601951001,0.16951281045018782,0.23216067724393116,0.18265123058810337,6.250770869540842e-2,2.1079777989572238e-2,5.1101642652912484e-2,2.2156192184784436e-2
"TX",48,14,765031,0.21272602025277407,0.14388436547015743,0.19807301926327167,0.15190364834889045,0.10109263546183096,4.9890788739279844e-2,9.300276720812621e-2,4.942675525566938e-2
"TX",48,15,790730,0.2882538919732399,0.12311914307032742,0.2803004818332427,0.1418056732386529,6.211601937450204e-2,2.6113844169311902e-2,5.327861596246507e-2,2.5012330378258067e-2
"TX",48,16,742384,0.24744606564796656,0.12258211383866031,0.24770873294683074,0.15190521347442834,8.706006594969719e-2,3.3950085131145065e-2,7.403850298497812e-2,3.530922002629367e-2
"TX",48,17,771567,0.24586199254244934,0.12883391850610512,0.23397708818547192,0.1436038607146236,8.672351202163908e-2,3.490429217423762e-2,8.434912327769331e-2,4.174621257778002e-2
"TX",48,18,800402,0.18326415975972074,7.478367120521938e-2,0.17001956516850283,7.293335099112695e-2,0.1654293717407003,7.734738294007261e-2,0.1644573601765113,9.176513801814588e-2
"TX",48,19,734202,0.2702907374264848,0.1476160511684795,0.25194701185777213,0.1648647102568503,6.990446770779704e-2,1.9600872784329107e-2,5.5116984154224585e-2,2.0659164644062533e-2
"TX",48,20,806372,0.28390618721880223,0.125005580550912,0.28037059818545285,0.15239492442693942,6.204208479461092e-2,2.139335195170467e-2,5.0794174400896855e-2,2.4093098470681026e-2
"TX",48,21,809322,0.23907295242190377,0.17528499163497346,0.24146878498298577,0.19927791410588122,5.8167206624804464e-2,1.9039393467618574e-2,4.769177163106897e-2,1.9996985130763777e-2
"TX",48,22,897080,0.1918078655192402,0.11426405671734963,0.18701788023364693,0.11936505105453249,0.1269797565434521,6.024211887457083e-2,0.13348307843224685,6.684019262496098e-2
"TX",48,23,769276,0.2754746020933969,0.14339976809363608,0.2509541438963389,0.1506767402076758,6.271091259833922e-2,2.6960414727614016e-2,6.028915499768613e-2,2.9534263385312943e-2
"TX",48,24,800103,0.18689343746992576,0.12734485435000245,0.18454998918889193,0.14108183571365188,0.13672739634772024,4.24657825304992e-2,0.13274790870675401,4.818879569255458e-2
"TX",48,25,789825,0.25007438356597983,0.16324755483809705,0.2422245434115152,0.17821036305510715,6.020954008799417e-2,2.1441458550944828e-2,6.061469312822461e-2,2.3977463362137182e-2
"TX",48,26,879237,0.23996146658978182,0.14556257300363837,0.23846471429205096,0.15273697535476782,7.834633892795685e-2,2.880452028292713e-2,8.54377147458535e-2,3.068569680302353e-2
"TX",48,27,740277,0.25531388926037146,0.16772235257883197,0.25242983369738625,0.1834907743993127,4.4415806515669135e-2,2.568362923608325e-2,4.346210945362344e-2,2.7481604858721802e-2
"TX",48,28,753502,0.2934869449583412,0.13284636271702,0.2918293514814825,0.15382440922519117,4.2440497835440384e-2,1.9434586769510896e-2,4.245509633683786e-2,2.368275067617604e-2
"TX",48,29,761833,0.2889110868129892,0.10855528705109913,0.269196792472891,0.11669092832681179,7.474210227175772e-2,3.570730068138293e-2,6.753973639892208e-2,3.865676598414613e-2
"TX",48,30,774443,0.1690492392597002,6.963327191284575e-2,0.16438524203847152,6.89011328141645e-2,0.1615160831720346,8.213128661502525e-2,0.17340591883456885,0.11097782535318933
"TX",48,31,853799,0.23504829591039578,0.1333124072527609,0.23209795279685266,0.14822106842476976,9.49591180125533e-2,3.0245994666191926e-2,8.993334496760948e-2,3.618181796886621e-2
"TX",48,32,763452,0.19921226219854032,0.14010311060813255,0.19261197822521914,0.1493898765082808,0.11074959525942692,4.432105751245658e-2,0.112138025704301,5.1474093983642714e-2
"TX",48,33,753565,0.23543423593187052,9.177045112233186e-2,0.22314996052099023,9.440459681646574e-2,0.1257184184509631,5.3525575099692795e-2,0.11928234458872161,5.671441746896419e-2
"TX",48,34,727595,0.3139741202179784,0.1416076251211182,0.29445914279235014,0.16777877802898591,2.863131274953786e-2,1.4293666119200929e-2,2.3726111366900542e-2,1.552924360392801e-2
"TX",48,35,830041,0.24544570689881584,0.11044273716599541,0.22210348645428357,0.11581596571735613,0.10739589972061621,4.147505966572736e-2,0.11317272279321142,4.414842158399404e-2
"TX",48,36,742474,0.24438431514100156,0.16679641307305038,0.23879354697942284,0.18104202975457725,5.584437973585607e-2,3.072026764573574e-2,5.216748330581273e-2,3.0251564364543404e-2
"UT",49,1,763612,0.3111645704886775,0.13997684688035286,0.3016270042901369,0.14547047453418752,4.316721057290875e-2,1.0490929948717411e-2,3.579173716494764e-2,1.2311226120071449e-2
"UT",49,2,765809,0.2673277540483332,0.1450361643699669,0.2580878521929097,0.15280180828378878,7.384217213430502e-2,1.8278709182054532e-2,6.893755492557543e-2,1.5687984863066377e-2
"UT",49,3,767012,0.32186719373360523,0.13466673272386873,0.3098126235313137,0.14439017903240106,3.612590155043206e-2,8.449672234593461e-3,3.5631776295546876e-2,9.05592089823888e-3
"UT",49,4,805400,0.2790191209336975,0.1186093866401788,0.2713260491681152,0.12829649863421902,8.632604916811522e-2,2.17146759374224e-2,7.469083685125404e-2,2.0017382666997766e-2
"VT",50,0,623657,0.24479802198965137,0.21933049737275456,0.2358796582095607,0.24163923438685048,2.2711201830493365e-2,6.7168331310319615e-3,2.1725082858045367e-2,7.1994702216122e-3
"VA",51,1,805159,0.20237493464023876,0.1577104646411454,0.1940585648300522,0.16785380278926273,9.070133973538146e-2,4.5224607810382796e-2,8.889548523956138e-2,5.318080031397525e-2
"VA",51,2,741514,0.20376419056147288,0.13753752457809293,0.17489487723765162,0.153024757455692,0.11833626876903201,4.4129982711047934e-2,0.11020830355192215,5.8104095135088484e-2
"VA",51,3,739840,0.1365998053633218,8.882596237024222e-2,0.12240349264705883,0.1006285142733564,0.17302524870242214,8.13689446366782e-2,0.1905817474048443,0.10656628460207612
"VA",51,4,771899,0.15064665195835206,0.10638438448553503,0.14469120960125612,0.11771617789373999,0.14408102614461218,8.141997852050592e-2,0.1520885504450712,0.10297202095092751
"VA",51,5,727064,0.1940090555989569,0.17833093097719047,0.1857264284849752,0.20275243995026573,7.014788244226093e-2,4.4483016625771594e-2,7.269373810283551e-2,5.1856507817743695e-2
"VA",51,6,752763,0.2183741762015402,0.18078864131207298,0.21923500490858344,0.20441095005997903,6.2080628298680995e-2,2.3416400646684283e-2,6.307828626008452e-2,2.8615912312374547e-2
"VA",51,7,790084,0.1882116331934326,0.15391781127070034,0.18420573002364304,0.17213865867426756,9.898314609585816e-2,4.7335473190192434e-2,9.87819016712147e-2,5.642564588069117e-2
"VA",51,8,801609,0.19730317399130998,0.11748994834139836,0.18882273028371688,0.12354651706754789,0.13144188750375807,5.075541816521521e-2,0.12869241737555343,6.1947907271500194e-2
"VA",51,9,711755,0.23728811178003667,0.21066659173451538,0.22314981981159246,0.2366544667757866,3.3975174041629495e-2,1.4079282899312264e-2,2.8169805621316324e-2,1.6016747335810776e-2
"VA",51,10,850118,0.19541051948082502,0.1454727461364187,0.19119581046395911,0.15237414100160213,0.1095530267562856,4.8697945461688846e-2,0.1071157180532585,5.018009264596209e-2
"VA",51,11,778215,0.16477323104797517,0.12016730595015516,0.16485033056417572,0.1275482996344198,0.13988936219425224,6.708942901383294e-2,0.1415123070102735,7.416973458491548e-2
"WA",53,1,744868,0.21610137635124613,0.16939242926263445,0.2080006121890053,0.1790142682998867,8.467137801597062e-2,2.902393444207564e-2,8.554938593146705e-2,2.824661550771412e-2
"WA",53,2,745184,0.21714234336754412,0.16691984798385365,0.19736736161807017,0.18361907931463906,8.32183729119251e-2,3.173176020955898e-2,8.328815433503671e-2,3.671308025937218e-2
"WA",53,3,731931,0.23744041446529796,0.19256596591755235,0.22810073627158844,0.20906615514303944,4.5401820663423194e-2,1.9948601712456503e-2,4.751540787314651e-2,1.9960897953495618e-2
"WA",53,4,724053,0.2272720367155443,0.14645060513525943,0.22064268775904528,0.15499832194604538,9.928416842413469e-2,3.1921696339908816e-2,8.986773067717418e-2,2.956275300288791e-2
"WA",53,5,716859,0.2484254225726398,0.1855357887673866,0.2360812935319219,0.2033830920724996,4.821450243353295e-2,1.5068514170848103e-2,4.814196376135335e-2,1.5149422689817662e-2
"WA",53,6,713112,0.21210553180987,0.1949777875004207,0.19748370522442477,0.20972582146983923,6.701051167278071e-2,2.8539696429172416e-2,5.834286900234465e-2,3.1814076891147534e-2
"WA",53,7,768408,0.2090530030921073,0.15284718534944977,0.20534403598088516,0.16141685146432624,9.582539484232334e-2,3.5857252917720794e-2,9.951353968204392e-2,4.014273667114345e-2
"WA",53,8,757166,0.21367177078738347,0.1684095693678797,0.1980239471925575,0.169293127266676,9.637648811489158e-2,2.6910875554369846e-2,9.203397933874474e-2,3.528024237749714e-2
"WA",53,9,765319,0.1454400060628313,0.11085965460154523,0.128447091996932,0.11856624492531873,0.17502897484578325,7.405408724989188e-2,0.16465552272973755,8.294841758796005e-2
"WA",53,10,738843,0.2132320398244282,0.14967591220326917,0.2004038747068051,0.16786380868465967,9.769193184478976e-2,3.0951095158240655e-2,9.834294972003524e-2,4.183838785777222e-2
"WV",54,1,611376,0.2528116903509461,0.21076228049514537,0.24815334589516108,0.22864489283190703,2.5434429876213655e-2,8.883240428148963e-3,1.7028800607155007e-2,8.281319515322813e-3
"WV",54,2,621635,0.23688981476268228,0.21066703129650036,0.22894946391371143,0.23416635163721478,3.160697193690831e-2,1.1283148471369856e-2,3.1734056158356595e-2,1.4703161823256412e-2
"WV",54,3,582846,0.2410516671642252,0.21676394793822037,0.23551161027098066,0.2388126537713221,2.5269110536917126e-2,1.085020743043617e-2,2.0674414854009462e-2,1.1066388033888883e-2
"WI",55,1,715529,0.23221700308443124,0.1992791347380749,0.22160387629292452,0.21588223538109566,4.830691698030408e-2,1.6740062247651736e-2,4.874016287250412e-2,1.7230608403013714e-2
"WI",55,2,761806,0.25029469444976804,0.1746612654665361,0.23939428148373734,0.1905314476389002,5.886275508462784e-2,1.3639955579241959e-2,5.9755370789938644e-2,1.2860229507249877e-2
"WI",55,3,720944,0.2616111653609712,0.20554023613484543,0.2509737233405091,0.21600013315874741,2.974017399409663e-2,6.608002840719945e-3,2.3496970638496192e-2,6.029594531614106e-3
"WI",55,4,708971,0.1447901254071041,0.1006515076075044,0.1448832180723894,0.115322065359514,0.17271228301298644,6.0861445672672085e-2,0.18564652150793193,7.513283335989765e-2
"WI",55,5,730386,0.2411943821486173,0.2070480540426569,0.22709772640768033,0.23198144542748628,3.6970861982568125e-2,1.027401949106363e-2,3.423669128378693e-2,1.1196819216140507e-2
"WI",55,6,715060,0.24378653539563114,0.21776913825413252,0.22850110480239422,0.23194557100103488,3.302240371437362e-2,9.765614074343412e-3,2.675859368444606e-2,8.45103907364417e-3
"WI",55,7,710385,0.23274703153923576,0.2340660346150327,0.22341406420462143,0.24093273365850912,2.4768259464938026e-2,9.846773228601393e-3,2.4490945050923092e-2,9.734158238138474e-3
"WI",55,8,732402,0.2394559272093741,0.20595656483734343,0.22888932580741178,0.21828859014584887,4.086007411230445e-2,1.188691456331359e-2,4.350889265731115e-2,1.1153710667092663e-2
"WY",56,0,579315,0.2684929615148926,0.193469873902799,0.25512027135496235,0.1950527778497018,3.881308096631366e-2,9.790873704288685e-3,2.7991679828763282e-2,1.1268480878278657e-2
